Workbook

Sheet Summary
A1: TILKIT v4 — Raw vs Derived Data Register
A2: Which of the 124 Indicator Log columns (A–DT) in 'TILKIT_Weather_Indicator_Log_v4_DEMO_hypothetical_data' must be collected (raw data) and which the spreadsheet calculates (derived data), and who provides each. Raw data is split by where it comes from. Facilitator settings (yellow cells on other tabs) are listed separately because they are neither field data nor formulas. Counts below are formulas on the 'Column Register' tab.
A4: Data group | B4: Number of columns | C4: Filled in the demo | D4: What it is / who provides it
A5: Raw – field sighting (observers) | B5: =COUNTIF('Column Register'!$C:$C,A5) -> 7 | C5: =COUNTIFS('Column Register'!$C:$C,A5,'Column Register'!$H:$H,"Yes") -> 4 | D5: What observers report from the field each time they see a sign: whether it was sighted, where, when, by whom, photos, GPS, landmark — community observers (learners with the ICT teacher for photos/ GPS)
A6: Raw – workshop (FGD/ plenary) | B6: =COUNTIF('Column Register'!$C:$C,A6) -> 43 | C6: =COUNTIFS('Column Register'!$C:$C,A6,'Column Register'!$H:$H,"Yes") -> 38 | D6: What participants agree in the TILKIT workshop (FGD and plenary) or the ITK validation panel: describing the sign, the forecast from it, validation, hazards and risks, calendar and change, vegetation outlook, safety and who contributed — ITK holders, FGD/ plenary participants, lead ITK holder, facilitator/ rapporteur
A7: Raw – community follow-up (representatives) | B7: =COUNTIF('Column Register'!$C:$C,A7) -> 11 | C7: =COUNTIFS('Column Register'!$C:$C,A7,'Column Register'!$H:$H,"Yes") -> 10 | D7: What community representatives report after the workshop: early actions taken and how the advisory was disseminated, understood and acted on — community representatives, extension officer (feedback spot checks)
A8: Raw – technical/ official | B8: =COUNTIF('Column Register'!$C:$C,A8) -> 19 | C8: =COUNTIFS('Column Register'!$C:$C,A8,'Column Register'!$H:$H,"Yes") -> 13 | D8: Typed in from gauges, official products and technical review — technical/ extension officer, NDMA monitor, intermediary officer, integration team
A9: Raw – record keeping | B9: =COUNTIF('Column Register'!$C:$C,A9) -> 10 | C9: =COUNTIFS('Column Register'!$C:$C,A9,'Column Register'!$H:$H,"Yes") -> 7 | D9: Typed in to identify and file each record — school data desk/ rapporteur
A10: Derived – automatic | B10: =COUNTIF('Column Register'!$C:$C,A10) -> 34 | C10: =COUNTIFS('Column Register'!$C:$C,A10,'Column Register'!$H:$H,"Yes") -> 34 | D10: Calculated by formulas — never typed; the data desk only checks the flags (CC, CD, CE, CP) and fixes the raw entries behind them
A11: All raw columns | B11: =SUM(B5:B9) -> 90 | C11: =SUM(C5:C9) -> 72
A12: of which field sightings + workshop + follow-up (community) | B12: =SUM(B5:B7) -> 61 | C12: =SUM(C5:C7) -> 52
A13: All derived columns | B13: =B10 -> 34 | C13: =C10 -> 34
A14: Total columns (A–DT) | B14: =B11+B13 -> 124
A15: Check: total = 124 | B15: =IF(B14=124,"OK","CHECK") -> OK
A17: How to tell field sightings from workshop data: a field sighting is reported by an observer each time a sign is seen (N, O, Y, Z, AA, AB, CI) and can arrive any day of the season. Workshop data is agreed by FGD/ plenary participants or the ITK validation panel and answers 'what does this sign mean and how far do we trust it'. A sighting enters the tally only after the workshop/ panel has confirmed (AC) and approved (AD) it. Note: 'Filled in the demo' counts columns that hold hypothetical values in rows 12–32 of the demo. Raw columns left empty in the demo (e.g., F, G, Y–AA, AF, AG, AN, AS–AU, BB–BF, CR, CZ) are still raw fields; outcome columns (AS–AU, CR, CZ, AZ) are filled only after the season.
A19: Tabs in this workbook
A20: Column Register | B20: One row per Indicator Log column: field, data group, stage, provider, when, what it is calculated from, demo status. Filter by any column.
A21: By Provider | B21: The same columns regrouped by who provides them.
A22: Settings (yellow cells) | B22: Facilitator settings on the Tally and Weighting Options tabs.
A23: Worked Trace – Frog Sign | B23: Demo row 22: the raw inputs and every derived step to the tally, with live formulas.

Sheet Column Register
A1: Column | B1: Field | C1: Data group | D1: Stage | E1: Provided by | F1: When | G1: Calculated from (derived only) | H1: Filled in demo
A2: A | B2: Indicator category | C2: Raw – workshop (FGD/ plenary) | D2: Describing the sign | E2: ITK holders and FGD participants (facilitator leads) | F2: FGD/ plenary at start of season | G2: — | H2: Yes
A3: B | B3: Indicator type (and sub-type) | C3: Raw – workshop (FGD/ plenary) | D3: Describing the sign | E3: ITK holders and FGD participants (facilitator leads) | F3: FGD/ plenary | G3: — | H3: Yes
A4: C | B4: Specific indicator (local, English, scientific name) | C4: Raw – workshop (FGD/ plenary) | D4: Describing the sign | E4: ITK holders and FGD participants (facilitator leads) | F4: FGD/ plenary | G4: — | H4: Yes
A5: D | B5: Indicator behaviour | C5: Raw – workshop (FGD/ plenary) | D5: Describing the sign | E5: ITK holders and FGD participants (facilitator leads) | F5: FGD/ plenary | G5: — | H5: Yes
A6: E | B6: Prediction in local words | C6: Raw – workshop (FGD/ plenary) | D6: Describing the sign | E6: ITK holders and FGD participants (facilitator leads) | F6: FGD/ plenary | G6: — | H6: Yes
A7: F | B7: Locality/ landscape description | C7: Raw – workshop (FGD/ plenary) | D7: Describing the sign | E7: ITK holders and FGD participants (facilitator leads) | F7: FGD/ plenary | G7: — | H7: No
A8: G | B8: Ethnic community (language of the local name) | C8: Raw – workshop (FGD/ plenary) | D8: Describing the sign | E8: ITK holders and FGD participants (facilitator leads) | F8: FGD/ plenary | G8: — | H8: No
A9: H | B9: What it predicts (onset, cessation, distribution, amount) | C9: Raw – workshop (FGD/ plenary) | D9: Describing the sign | E9: ITK holders and FGD participants (facilitator leads) | F9: FGD/ plenary | G9: — | H9: Yes
A10: I | B10: Sector impacts (impact-based application) | C10: Raw – workshop (FGD/ plenary) | D10: Describing the sign | E10: ITK holders and FGD participants (facilitator leads) | F10: FGD/ plenary | G10: — | H10: Yes
A11: J | B11: Indicator history (3 ancient … 1 new) | C11: Raw – workshop (FGD/ plenary) | D11: Describing the sign | E11: Elders/ ITK holders | F11: FGD/ plenary | G11: — | H11: Yes
A12: K | B12: Lead time class (3 months, 2 weeks, 1 days) | C12: Raw – workshop (FGD/ plenary) | D12: Describing the sign | E12: ITK holders | F12: FGD/ plenary | G12: — | H12: Yes
... A125: DT | B125: First-record marker | C125: Derived – automatic | D125: Confidence and priority | E125: Spreadsheet (automatic) | F125: Automatic | G125: AH, AI, AM | H125: Yes

Sheet By Provider
A1: Provided by | B1: Data group | C1: Columns | D1: When
A2: Community observers | B2: Raw – field sighting (observers) | C2: N, O, AA, AB, CI | D2: Each sighting
A3: Observers; learners with ICT teacher | B3: Raw – field sighting (observers) | C3: Y, Z | D3: Each sighting
A4: Elders, agreed with technical officer | B4: Raw – workshop (FGD/ plenary) | C4: CO | D4: FGD; January review
A5: Elders/ ITK holders | B5: Raw – workshop (FGD/ plenary) | C5: J, CK, CL, CN | D5: FGD/ plenary; FGD; FGD; January review
A6: FGD | B6: Raw – workshop (FGD/ plenary) | C6: V, X | D6: FGD
A7: FGD with intermediary officer | B7: Raw – workshop (FGD/ plenary) | C7: BU, BV, BW | D7: FGD
A8: FGD, agreed by ITK holders | B8: Raw – workshop (FGD/ plenary) | C8: P, Q, R, S, T, U | D8: FGD; updated at the next panel when a sighting changes it; FGD; update when seen
A9: FGD/ plenary | B9: Raw – workshop (FGD/ plenary) | C9: W, AR | D9: FGD
A10: Facilitator/ rapporteur | B10: Raw – workshop (FGD/ plenary) | C10: BG, BH, BI, BJ, BK | D10: FGD
A11: Herders and FGD | B11: Raw – workshop (FGD/ plenary) | C11: CQ | D11: FGD
A12: ITK holder or FGD/ plenary | B12: Raw – workshop (FGD/ plenary) | C12: AC | D12: FGD/ plenary, or weekly ITK validation panel
... A39: Spreadsheet (automatic) | B39: Derived – automatic | C39: AW, AX, AY, BL, BM, BN, BO, BP, BQ, BR, BS, BT, CA, CB, CC, CD, CE, CF, CG, CH, CJ, CM, CP, CS, CT, CU, CV, DH, DI, DK, DQ, DR, DS, DT | D39: Automatic
A41: Raw columns are listed under the provider named in the Community Data List tab of the v4 template; where several people are involved, the first named leads.

Sheet Settings (yellow cells)
A1: Tab | B1: Cell(s) | C1: Setting | D1: Set by | E1: Demo value
A2: Seasonal Tercile Tally | B2: B3 | C2: Community/ site to tally (must match log AI) | D2: Facilitator/ school data desk | E2: Mutirithia (DEMO)
A3: Seasonal Tercile Tally | B3: B4 | C3: Season/ year to tally (must match log AM) | D3: Facilitator/ school data desk | E3: OND 2026
A4: Seasonal Tercile Tally | B4: B5 | C4: Apply global prior multiplier (1/0) | D4: Facilitator | E4: 0
A5: Seasonal Tercile Tally | B5: B73 | C5: Latest NDMA VCI3M for the ward/ sub-county | D5: Intermediary officer | E5: 41
A6: Seasonal Tercile Tally | B6: B76 | C6: KMD/ KMSA county outlook tercile | D6: Intermediary officer | E6: 3 (above normal)
A7: Seasonal Tercile Tally | B7: B82 | C7: Trigger threshold (weighted share of a hazard tercile) | D7: Integrated action-planning session | E7: 50%
A8: Seasonal Tercile Tally | B8: B83 | C8: Minimum mean confidence score to ACTIVATE | D8: Integrated action-planning session | E8: 50
A9: Weighting Options | B9: D7:D14 | C9: Confidence-score weights (8 dimensions) | D9: Technical team with community representatives, once per season | E9: 25/15/15/10/10/10/5/10
A10: Weighting Options | B10: D20:D27 | C10: Hazard priority factors (by BU hazard code) | D10: Technical team with community representatives, once per season | E10: Drought 1.5, Flood 1.5, Erratic 1.25, Pest 1.25, others 1.0
A11: Weighting Options | B11: D32:D39 | C11: Indicative decision relevance by type of sign (guidance for V) | D11: Technical team with community representatives, once per season | E11: 3/3/3/2/2/2/1/1
A12: Weighting Options | B12: C44:J49 | C12: Worked-example inputs (training only) | D12: Trainer | E12: Six hypothetical signs
A14: These cells are inputs but not field data: they set how the tally is read. Everything else on the Tally, Calendar and Weighting Options tabs is derived.

Sheet Worked Trace – Frog Sign
A1: Worked trace — demo row 22, 01-ANI-FRO-001 (frogs croaking at night near the dam), OND 2026
A2: Blue values are raw data copied from the demo (change them to see the effect). Black values are formulas that reproduce the log's derived columns.
A4: Step | B4: Item | C4: Value | D4: Log column | E4: Data group / provider | F4: Rule
A5: 1 | B5: Tercile from this sign | C5: 3 | D5: U | E5: Raw – workshop (FGD/ ITK holders)
A6: 2 | B6: Current reliability rating | C6: 3 | D6: M | E6: Raw – workshop (FGD/ ITK holders)
A7: 3 | B7: Decision relevance | C7: 3 | D7: V | E7: Raw – workshop (FGD)
A8: 4 | B8: Sighted this season | C8: 1 | D8: N | E8: Raw – field sighting (observer) | F8: Reported by the observer when the frogs were heard (12/10/2026, dam)
A9: 5 | B9: Confirmed / Approved | C9: 1 / 1 | D9: AC, AD | E9: Raw – workshop (ITK holder / lead ITK holder at plenary or panel) | F9: The sighting is accepted by the workshop/ panel
A10: 6 | B10: Validation status | C10: Community/Plenary-endorsed | D10: AP | E10: Raw – workshop (plenary)
A11: 7 | B11: Confirmed + approved records (OND 2023–2026) | C11: 4 | D11: BL | E11: Derived | F11: Counts AC = 1 and AD = 1 for this ID, first record per site and season
A12: 8 | B12: Hits in earlier scored seasons | C12: 2 | D12: BN | E12: Derived (from AZ typed after each season) | F12: OND 2023 Hit, 2024 Hit, 2025 Miss
A13: 9 | B13: Scored seasons | C13: 3 | D13: BM | E13: Derived | F13: BN + BO + BP
A14: 10 | B14: Hit rate | C14: =C12/C13 -> 0.66666667 | D14: BQ | E14: Derived | F14: BN ÷ BM
A15: 11 | B15: Weighting phase | C15: =IF(C13>=3,"Hit-rate-based","Rating-based") -> Hit-rate-based | D15: BT | E15: Derived | F15: ≥3 scored seasons → hit-rate-based
A16: 12 | B16: Base Weight | C16: =IF(C15="Hit-rate-based",MIN(IF(C11<2,2,3),IF(C14>=0.7,3,IF(C14>=0.4,2,1))),MIN(IF(C11<2,2,3),C6)) -> 2 | D16: CA | E16: Derived | F16: Hit rate ≥70% → 3, ≥40% → 2, else 1; capped at 2 if BL < 2
A17: 13 | B17: Final Weight | C17: =C16*IF(C7=0,1,C7) -> 6 | D17: CB | E17: Derived | F17: Base Weight × Decision relevance
A18: 14 | B18: Tally status | C18: Counted | D18: CE | E18: Derived | F18: Passes the gate: ID, sighted, confirmed, approved, not contested, tercile 3/2/1, first record
A19: 15 | B19: Tally weight (prior switch off) | C19: =C17 -> 6 | D19: CG | E19: Derived | F19: Final Weight (× prior only if Tally B5 = 1)
A20: 16 | B20: Sum of above-normal weights at the site (4 counted signs) | C20: 18 | D20: Tally D11 | E20: Derived | F20: Frogs 6 + acacia 9 + ants 2 + joint pain 1
A21: 17 | B21: This sign's share of the above-normal weight | C21: =C19/C20 -> 0.33333333 | D21: — | E21: Derived
A22: 18 | B22: Weighted % above normal for the site | C22: =18/31 -> 0.58064516 | D22: Tally E11 | E22: Derived | F22: 18 ÷ total weight 31
A24: Step 4 is reported by an observer in the field; steps 1–3, 5 and 6 are agreed in the workshop (FGD/ plenary or ITK validation panel). Steps 7–9 are calculated from earlier seasons' raw outcomes (AZ, typed at each January review). Steps 16 and 18 are the demo tally results, typed here for reference; in the template they come from the Seasonal Tercile Tally formulas.
